step,vehicles_total,vehicles_waiting,mean_speed_ms,tl_phase,ambulances_active
5.0,1,0,13.886,0,
5.1,1,0,13.867,0,
5.2,1,0,13.824,0,
5.3,1,0,13.754,0,
5.4,1,0,13.82,0,
5.5,1,0,13.738,0,
5.6,1,0,13.781,0,
5.7,1,0,13.795,0,
5.8,1,0,13.851,0,
5.9,1,0,13.773,0,
6.0,1,0,13.736,0,
6.1,1,0,13.83,0,
6.2,1,0,13.781,0,
6.3,1,0,13.888,0,
6.4,1,0,13.885,0,
6.5,1,0,13.813,0,
6.6,1,0,13.748,0,
6.7,1,0,13.798,0,
6.8,1,0,13.851,0,
6.9,1,0,13.767,0,
7.0,1,0,13.845,0,
7.1,1,0,13.781,0,
7.2,1,0,13.84,0,
7.3,1,0,13.849,0,
7.4,1,0,13.814,0,
7.5,1,0,13.841,0,
7.6,1,0,13.8,0,
7.7,1,0,13.859,0,
7.8,1,0,13.768,0,
7.9,1,0,13.767,0,
8.0,1,0,13.774,0,
8.1,1,0,13.887,0,
8.2,1,0,13.833,0,
8.3,1,0,13.847,0,
8.4,1,0,13.865,0,
8.5,1,0,13.841,0,
8.6,2,0,13.553,0,
8.7,2,0,13.531,0,
8.8,2,0,13.529,0,
8.9,2,0,13.543,0,
9.0,2,0,13.525,0,
9.1,2,0,13.607,0,
9.2,3,0,13.652,0,
9.3,4,0,13.736,0,
9.4,4,0,13.691,0,
9.5,4,0,13.679,0,
9.6,4,0,13.695,0,
9.7,4,0,13.687,0,
9.8,4,0,13.692,0,
9.9,4,0,13.66,0,
10.0,4,0,13.683,0,
10.1,5,0,13.574,0,
10.2,5,0,13.546,0,
10.3,5,0,13.57,0,
10.4,5,0,13.555,0,
10.5,5,0,13.575,0,
10.6,5,0,13.536,0,
10.7,5,0,13.528,0,
10.8,5,0,13.551,0,
10.9,5,0,13.553,0,
11.0,5,0,13.585,0,
11.1,5,0,13.526,0,
11.2,5,0,13.554,0,
11.3,5,0,13.458,0,
11.4,5,0,13.321,0,
11.5,5,0,13.292,0,
11.6,5,0,13.322,0,
11.7,5,0,13.311,0,
11.8,5,0,13.357,0,
11.9,5,0,13.334,0,
12.0,5,0,13.349,0,
12.1,5,0,13.385,0,
12.2,6,0,13.488,0,
12.3,6,0,13.483,0,
12.4,6,0,13.531,0,
12.5,6,0,13.484,0,
12.6,6,0,13.477,0,
12.7,6,0,13.483,0,
12.8,6,0,13.558,0,
12.9,6,0,13.516,0,
13.0,6,0,13.535,0,
13.1,6,0,13.552,0,
13.2,6,0,13.557,0,
13.3,6,0,13.539,0,
13.4,7,0,13.28,0,
13.5,7,0,13.277,0,
13.6,7,0,13.278,0,
13.7,7,0,13.243,0,
13.8,7,0,13.259,0,
13.9,7,0,13.271,0,
14.0,7,0,13.279,0,
14.1,7,0,13.309,0,
14.2,7,0,13.272,0,
14.3,7,0,13.29,0,
14.4,7,0,13.323,0,
14.5,7,0,13.325,0,
14.6,7,0,13.294,0,
14.7,7,0,13.297,0,
14.8,7,0,13.31,0,
14.9,7,0,13.285,0,
15.0,7,0,13.306,0,
15.1,7,0,13.251,0,
15.2,7,0,13.181,0,
15.3,8,0,13.182,0,
15.4,8,0,13.108,0,
15.5,8,0,13.035,0,
15.6,8,0,13.001,0,
15.7,8,0,12.951,0,
15.8,8,0,12.898,0,
15.9,8,0,12.822,0,
16.0,8,0,12.748,0,
16.1,8,0,12.704,0,
16.2,8,0,12.634,0,
16.3,8,0,12.581,0,
16.4,8,0,12.496,0,
16.5,8,0,12.462,0,
16.6,8,0,12.432,0,
16.7,8,0,12.334,0,
16.8,8,0,12.289,0,
16.9,8,0,12.223,0,
17.0,8,0,12.175,0,
17.1,9,0,11.86,0,
17.2,9,0,11.786,0,
17.3,9,0,11.75,0,
17.4,9,0,11.691,0,
17.5,9,0,11.647,0,
17.6,9,0,11.609,0,
17.7,9,0,11.511,0,
17.8,9,0,11.485,0,
17.9,9,0,11.449,0,
18.0,9,1,11.4,0,
18.1,9,1,11.389,0,
18.2,9,1,11.392,0,
18.3,9,1,11.407,0,
18.4,9,1,11.4,0,
18.5,9,1,11.422,0,
18.6,9,1,11.402,0,
18.7,9,1,11.394,0,
18.8,9,1,11.381,0,
18.9,9,1,11.405,0,
19.0,9,1,11.368,0,
19.1,9,1,11.376,0,
19.2,9,1,11.329,0,
19.3,9,1,11.289,0,
19.4,9,1,11.26,0,
19.5,9,1,11.203,0,
19.6,9,1,11.204,0,
19.7,9,1,11.163,0,
19.8,9,1,11.086,0,
19.9,9,1,11.022,0,
20.0,9,1,11.003,0,
20.1,9,1,10.945,0,
20.2,9,1,10.887,0,
20.3,9,1,10.848,0,
20.4,9,1,10.8,0,
20.5,9,1,10.734,0,
20.6,9,1,10.711,0,
20.7,9,1,10.657,0,
20.8,9,1,10.605,0,
20.9,9,1,10.532,0,
21.0,9,1,10.51,0,
21.1,9,1,10.46,0,
21.2,9,1,10.39,0,
21.3,9,1,10.358,0,
21.4,9,1,10.31,0,
21.5,10,1,10.561,0,
21.6,10,1,10.492,0,
21.7,10,1,10.468,0,
21.8,10,1,10.435,0,
21.9,10,1,10.409,0,
22.0,10,1,10.364,0,
22.1,10,1,10.322,0,
22.2,10,1,10.274,0,
22.3,10,1,10.239,0,
22.4,10,1,10.236,0,
22.5,10,1,10.17,0,
22.6,10,1,10.136,0,
22.7,10,1,10.098,0,
22.8,10,1,10.073,0,
22.9,10,1,10.028,0,
23.0,10,1,10.004,0,
23.1,10,1,9.993,0,
23.2,10,1,9.934,0,
23.3,10,1,9.895,0,
23.4,10,1,9.88,0,
23.5,10,1,9.831,0,
23.6,10,1,9.802,0,
23.7,10,1,9.777,0,
23.8,10,1,9.729,0,
23.9,10,1,9.691,0,
24.0,10,1,9.698,0,
24.1,10,1,9.658,0,
24.2,11,1,9.869,0,
24.3,11,1,9.822,0,
24.4,11,1,9.761,0,
24.5,11,1,9.73,0,
24.6,11,1,9.647,0,
24.7,11,1,9.604,0,
24.8,11,1,9.541,0,
24.9,11,1,9.463,0,
25.0,11,1,9.344,0,
25.1,11,1,9.295,0,
25.2,11,1,9.196,0,
25.3,11,1,9.112,0,
25.4,11,1,9.022,0,
25.5,11,1,8.973,0,
25.6,11,1,8.875,0,
25.7,11,1,8.792,0,
25.8,11,1,8.723,0,
25.9,11,1,8.601,0,
26.0,11,1,8.535,0,
26.1,11,1,8.514,0,
26.2,11,1,8.526,0,
26.3,11,1,8.584,0,
26.4,11,1,8.646,0,
26.5,11,1,8.697,0,
26.6,11,1,8.685,0,
26.7,11,1,8.693,0,
26.8,11,1,8.692,0,
26.9,11,1,8.705,0,
27.0,11,1,8.698,0,
27.1,11,1,8.702,0,
27.2,11,1,8.748,0,
27.3,11,1,8.737,0,
27.4,11,1,8.72,0,
27.5,11,1,8.72,0,
27.6,11,1,8.744,0,
27.7,11,1,8.75,0,
27.8,11,1,8.72,0,
27.9,11,1,8.732,0,
28.0,11,1,8.731,0,
28.1,11,1,8.703,0,
28.2,11,1,8.686,0,
28.3,11,1,8.674,0,
28.4,11,1,8.644,0,
28.5,11,1,8.628,0,
28.6,11,1,8.59,0,
28.7,11,1,8.543,0,
28.8,11,1,8.453,0,
28.9,12,1,8.809,0,
29.0,12,1,8.707,0,
29.1,12,1,8.646,0,
29.2,12,1,8.536,0,
29.3,12,1,8.45,0,
29.4,12,1,8.372,0,
29.5,13,1,8.71,0,
29.6,13,2,8.632,0,
29.7,13,2,8.551,0,
29.8,13,2,8.473,0,
29.9,13,2,8.379,0,
30.0,13,3,8.337,0,
30.1,14,4,7.697,1,Ambulance_1
30.2,14,3,7.703,1,Ambulance_1
30.3,14,3,7.67,1,Ambulance_1
30.4,14,3,7.654,1,Ambulance_1
30.5,14,3,7.627,1,Ambulance_1
30.6,14,3,7.621,1,Ambulance_1
30.7,14,4,7.62,1,Ambulance_1
30.8,14,4,7.63,1,Ambulance_1
30.9,14,4,7.669,1,Ambulance_1
31.0,14,4,7.669,1,Ambulance_1
31.1,14,4,7.702,1,Ambulance_1
31.2,14,4,7.707,1,Ambulance_1
31.3,14,4,7.742,1,Ambulance_1
31.4,14,4,7.746,1,Ambulance_1
31.5,14,4,7.791,1,Ambulance_1
31.6,14,4,7.802,1,Ambulance_1
31.7,14,4,7.824,1,Ambulance_1
31.8,14,4,7.834,1,Ambulance_1
31.9,14,4,7.862,1,Ambulance_1
32.0,14,4,7.889,1,Ambulance_1
32.1,14,4,7.887,1,Ambulance_1
32.2,14,4,7.927,1,Ambulance_1
32.3,14,4,7.943,1,Ambulance_1
32.4,14,4,7.966,1,Ambulance_1
32.5,14,4,7.988,1,Ambulance_1
32.6,14,4,8.018,1,Ambulance_1
32.7,14,4,8.035,1,Ambulance_1
32.8,14,4,8.063,1,Ambulance_1
32.9,14,4,8.097,1,Ambulance_1
33.0,14,5,8.104,1,Ambulance_1
33.1,14,5,8.132,1,Ambulance_1
33.2,14,5,8.157,1,Ambulance_1
33.3,14,5,8.181,1,Ambulance_1
33.4,14,5,8.19,1,Ambulance_1
33.5,14,5,8.229,1,Ambulance_1
33.6,14,5,8.248,1,Ambulance_1
33.7,14,5,8.279,1,Ambulance_1
33.8,15,5,8.388,1,Ambulance_1
33.9,15,5,8.361,1,Ambulance_1
34.0,15,5,8.34,1,Ambulance_1
34.1,15,2,8.41,2,Ambulance_1
34.2,15,2,8.469,2,Ambulance_1
34.3,15,2,8.531,2,Ambulance_1
34.4,15,1,8.58,2,Ambulance_1
34.5,15,1,8.657,2,Ambulance_1
34.6,15,1,8.695,2,Ambulance_1
34.7,15,1,8.746,2,Ambulance_1
34.8,15,0,8.797,2,Ambulance_1
34.9,15,0,8.838,2,Ambulance_1
35.0,15,0,8.876,2,Ambulance_1
35.1,17,0,9.4,2,Ambulance_1
35.2,17,0,9.412,2,Ambulance_1
35.3,17,0,9.472,2,Ambulance_1
35.4,17,0,9.502,2,Ambulance_1
35.5,17,0,9.529,2,Ambulance_1
35.6,17,0,9.565,2,Ambulance_1
35.7,17,0,9.604,2,Ambulance_1
35.8,17,0,9.633,2,Ambulance_1
35.9,17,0,9.645,2,Ambulance_1
36.0,17,0,9.625,2,Ambulance_1
36.1,17,0,9.594,2,Ambulance_1
36.2,17,0,9.61,2,Ambulance_1
36.3,17,0,9.621,2,Ambulance_1
36.4,17,0,9.605,2,Ambulance_1
36.5,17,0,9.612,2,Ambulance_1
36.6,17,0,9.599,2,Ambulance_1
36.7,18,1,9.841,2,Ambulance_1
36.8,18,1,9.865,2,Ambulance_1
36.9,18,1,9.881,2,Ambulance_1
37.0,18,1,9.902,2,Ambulance_1
37.1,18,2,9.923,2,Ambulance_1
37.2,18,2,9.965,2,Ambulance_1
37.3,18,2,10.015,2,Ambulance_1
37.4,18,2,10.053,2,Ambulance_1
37.5,18,2,10.079,2,Ambulance_1
37.6,18,2,10.122,2,Ambulance_1
37.7,18,2,10.182,2,Ambulance_1
37.8,18,2,10.24,2,Ambulance_1
37.9,18,1,10.266,2,Ambulance_1
38.0,17,1,10.104,2,Ambulance_1
38.1,17,1,10.122,2,Ambulance_1
38.2,17,1,10.145,2,Ambulance_1
38.3,17,1,10.152,2,Ambulance_1
38.4,16,1,9.945,2,Ambulance_1
38.5,16,1,9.977,2,Ambulance_1
38.6,16,1,9.963,2,Ambulance_1
38.7,16,1,9.968,2,Ambulance_1
38.8,16,1,9.988,2,Ambulance_1
38.9,16,1,9.977,2,Ambulance_1
39.0,16,1,9.984,2,Ambulance_1
39.1,16,1,9.98,2,Ambulance_1
39.2,16,1,10.0,2,Ambulance_1
39.3,16,1,9.958,2,Ambulance_1
39.4,16,1,9.974,2,Ambulance_1
39.5,16,1,9.953,2,Ambulance_1
39.6,16,1,9.952,2,Ambulance_1
39.7,16,1,9.978,2,Ambulance_1
39.8,16,1,9.977,2,Ambulance_1
39.9,16,1,9.95,2,Ambulance_1
40.0,16,1,9.942,2,Ambulance_1
40.1,16,1,9.94,2,Ambulance_1
40.2,16,1,9.976,2,Ambulance_1
40.3,16,1,9.971,2,Ambulance_1
40.4,16,1,9.974,2,Ambulance_1
40.5,16,1,9.971,2,Ambulance_1
40.6,16,1,9.988,2,Ambulance_1
40.7,16,2,9.999,2,Ambulance_1
40.8,16,2,10.038,2,Ambulance_1
40.9,16,2,10.074,2,Ambulance_1
41.0,16,2,10.132,2,Ambulance_1
41.1,16,2,10.189,2,Ambulance_1
41.2,16,2,10.204,2,Ambulance_1
41.3,16,2,10.264,2,Ambulance_1
41.4,16,2,10.276,2,Ambulance_1
41.5,16,2,10.289,2,Ambulance_1
41.6,16,2,10.291,2,Ambulance_1
41.7,16,2,10.297,2,Ambulance_1
41.8,16,2,10.318,2,Ambulance_1
41.9,16,2,10.308,2,Ambulance_1
42.0,16,2,10.283,2,Ambulance_1
42.1,16,2,10.268,2,Ambulance_1
42.2,16,2,10.246,2,Ambulance_1
42.3,15,2,9.978,2,Ambulance_1
42.4,15,2,9.969,2,Ambulance_1
42.5,15,2,9.96,2,Ambulance_1
42.6,15,2,9.933,2,Ambulance_1
42.7,15,2,9.932,2,Ambulance_1
42.8,15,2,9.902,2,Ambulance_1
42.9,15,2,9.907,2,Ambulance_1
43.0,15,2,9.895,2,Ambulance_1
43.1,15,2,9.873,2,Ambulance_1
43.2,15,2,9.854,2,Ambulance_1
43.3,15,2,9.82,2,Ambulance_1
43.4,15,2,9.768,2,Ambulance_1
43.5,15,2,9.788,2,Ambulance_1
43.6,15,2,9.803,2,Ambulance_1
43.7,15,2,9.801,2,Ambulance_1
43.8,15,2,9.799,2,Ambulance_1
43.9,15,2,9.814,2,Ambulance_1
44.0,15,2,9.826,2,Ambulance_1
44.1,15,2,9.815,2,Ambulance_1
44.2,16,2,10.086,2,Ambulance_1
44.3,16,2,10.055,2,Ambulance_1
44.4,16,2,10.07,2,Ambulance_1
44.5,16,2,10.033,2,Ambulance_1
44.6,16,2,10.018,2,Ambulance_1
44.7,16,2,9.987,2,Ambulance_1
44.8,16,2,9.97,2,Ambulance_1
44.9,16,2,9.954,2,Ambulance_1
45.0,16,2,9.931,2,Ambulance_1
45.1,16,2,9.909,2,Ambulance_1
45.2,16,2,9.882,2,Ambulance_1
45.3,16,2,9.872,2,Ambulance_1
45.4,16,2,9.834,2,Ambulance_1
45.5,16,3,9.832,2,Ambulance_1
45.6,16,3,9.827,2,Ambulance_1
45.7,16,3,9.889,2,Ambulance_1
45.8,16,3,9.902,2,Ambulance_1
45.9,16,3,9.893,2,Ambulance_1
46.0,16,3,9.903,2,Ambulance_1
46.1,16,3,9.888,2,Ambulance_1
46.2,16,3,9.892,2,Ambulance_1
46.3,16,3,9.887,2,Ambulance_1
46.4,16,3,9.854,2,Ambulance_1
46.5,16,3,9.856,2,Ambulance_1
46.6,16,3,9.83,2,Ambulance_1
46.7,16,3,9.792,2,Ambulance_1
46.8,16,3,9.768,2,Ambulance_1
46.9,16,3,9.744,2,Ambulance_1
47.0,16,3,9.735,2,Ambulance_1
47.1,16,3,9.716,2,Ambulance_1
47.2,16,3,9.691,2,Ambulance_1
47.3,16,3,9.693,2,Ambulance_1
47.4,16,3,9.624,2,Ambulance_1
47.5,16,3,9.588,2,Ambulance_1
47.6,16,3,9.546,2,Ambulance_1
47.7,16,3,9.489,2,Ambulance_1
47.8,16,3,9.449,2,Ambulance_1
47.9,16,3,9.407,2,Ambulance_1
48.0,16,3,9.366,2,Ambulance_1
48.1,16,3,9.315,2,Ambulance_1
48.2,16,3,9.276,2,Ambulance_1
48.3,16,3,9.254,2,Ambulance_1
48.4,16,3,9.218,2,Ambulance_1
48.5,16,3,9.188,2,Ambulance_1
48.6,16,3,9.147,2,Ambulance_1
48.7,16,3,9.121,2,Ambulance_1
48.8,16,3,9.066,2,Ambulance_1
48.9,16,3,9.039,2,Ambulance_1
49.0,16,3,8.98,2,Ambulance_1
49.1,16,3,9.011,2,Ambulance_1
49.2,17,3,9.321,2,Ambulance_1
49.3,17,3,9.321,2,Ambulance_1
49.4,17,3,9.347,2,Ambulance_1
49.5,17,3,9.373,2,Ambulance_1
49.6,17,3,9.394,2,Ambulance_1
49.7,17,3,9.428,2,Ambulance_1
49.8,17,3,9.439,2,Ambulance_1
49.9,17,3,9.466,2,Ambulance_1
50.0,17,3,9.481,2,Ambulance_1
50.1,17,3,9.471,2,Ambulance_1
50.2,17,3,9.444,2,Ambulance_1
50.3,17,3,9.419,2,Ambulance_1
50.4,17,3,9.406,2,Ambulance_1
50.5,17,3,9.389,2,Ambulance_1
50.6,17,3,9.382,2,Ambulance_1
50.7,17,3,9.359,2,Ambulance_1
50.8,17,3,9.301,2,Ambulance_1
50.9,17,3,9.241,2,Ambulance_1
51.0,17,3,9.188,2,Ambulance_1
51.1,17,3,9.161,2,Ambulance_1
51.2,17,3,9.093,2,Ambulance_1
51.3,16,3,8.753,2,Ambulance_1
51.4,17,3,9.031,2,Ambulance_1
51.5,17,3,8.965,2,Ambulance_1
51.6,18,3,9.207,2,Ambulance_1
51.7,18,3,9.144,2,Ambulance_1
51.8,18,3,9.091,2,Ambulance_1
51.9,18,4,9.058,2,Ambulance_1
52.0,18,4,9.046,2,Ambulance_1
52.1,18,4,9.004,2,Ambulance_1
52.2,18,4,8.999,2,Ambulance_1
52.3,18,4,8.992,2,Ambulance_1
52.4,18,4,8.98,2,Ambulance_1
52.5,18,4,8.985,2,Ambulance_1
52.6,18,4,8.939,2,Ambulance_1
52.7,18,4,8.939,2,Ambulance_1
52.8,18,4,8.91,2,Ambulance_1
52.9,18,4,8.895,2,Ambulance_1
53.0,17,4,8.652,2,Ambulance_1
53.1,17,4,8.649,2,Ambulance_1
53.2,17,4,8.62,2,Ambulance_1
53.3,17,4,8.601,2,Ambulance_1
53.4,17,4,8.58,2,Ambulance_1
53.5,16,4,8.246,2,Ambulance_1
53.6,16,4,8.255,2,Ambulance_1
53.7,16,4,8.235,2,Ambulance_1
53.8,16,4,8.203,2,Ambulance_1
53.9,16,4,8.192,2,Ambulance_1
54.0,16,4,8.176,2,Ambulance_1
54.1,16,4,8.17,2,Ambulance_1
54.2,17,4,8.495,2,Ambulance_1
54.3,17,4,8.469,2,Ambulance_1
54.4,17,4,8.467,2,Ambulance_1
54.5,17,4,8.436,2,Ambulance_1
54.6,17,4,8.431,2,Ambulance_1
54.7,17,4,8.427,2,Ambulance_1
54.8,17,4,8.429,2,Ambulance_1
54.9,17,4,8.417,2,Ambulance_1
55.0,17,4,8.405,2,Ambulance_1
55.1,17,4,8.382,2,Ambulance_1
55.2,17,4,8.374,2,Ambulance_1
55.3,17,4,8.388,2,Ambulance_1
55.4,17,4,8.386,2,Ambulance_1
55.5,17,4,8.343,2,Ambulance_1
55.6,17,4,8.321,2,Ambulance_1
55.7,17,4,8.295,2,Ambulance_1
55.8,16,4,7.954,2,Ambulance_1
55.9,16,4,7.926,2,Ambulance_1
56.0,16,4,7.921,2,Ambulance_1
56.1,16,4,7.897,2,Ambulance_1
56.2,16,4,7.892,2,Ambulance_1
56.3,16,4,7.846,2,Ambulance_1
56.4,16,4,7.85,2,Ambulance_1
56.5,16,4,7.808,2,Ambulance_1
56.6,16,4,7.811,2,Ambulance_1
56.7,16,4,7.785,2,Ambulance_1
56.8,16,5,7.767,2,Ambulance_1
56.9,16,5,7.757,2,Ambulance_1
57.0,16,5,7.734,2,Ambulance_1
57.1,15,5,7.576,2,Ambulance_1
57.2,15,5,7.552,2,Ambulance_1
57.3,15,5,7.508,2,Ambulance_1
57.4,15,5,7.484,2,Ambulance_1
57.5,16,5,7.571,2,Ambulance_1
57.6,16,5,7.534,2,Ambulance_1
57.7,16,5,7.487,2,Ambulance_1
57.8,16,5,7.448,2,Ambulance_1
57.9,16,5,7.411,2,Ambulance_1
58.0,16,5,7.38,2,Ambulance_1
58.1,16,5,7.377,2,Ambulance_1
58.2,15,5,7.054,2,Ambulance_1
58.3,15,5,7.04,2,Ambulance_1
58.4,15,5,7.026,2,Ambulance_1
58.5,15,5,7.014,2,Ambulance_1
58.6,15,5,7.011,2,Ambulance_1
58.7,15,5,7.004,2,Ambulance_1
58.8,15,5,6.995,2,Ambulance_1
58.9,16,5,7.328,2,Ambulance_1
59.0,16,5,7.313,2,Ambulance_1
59.1,15,5,6.873,2,Ambulance_1
59.2,15,5,6.847,2,Ambulance_1
59.3,15,5,6.839,2,Ambulance_1
59.4,15,5,6.828,2,Ambulance_1
59.5,15,5,6.815,2,Ambulance_1
59.6,15,5,6.79,2,Ambulance_1
59.7,15,5,6.743,2,Ambulance_1
59.8,15,5,6.707,2,Ambulance_1
59.9,14,5,6.148,2,Ambulance_1
60.0,14,5,6.093,2,Ambulance_1
60.1,14,5,6.048,2,Ambulance_1
60.2,14,5,6.02,2,Ambulance_1
60.3,14,5,5.961,2,Ambulance_1
60.4,14,5,5.936,2,Ambulance_1
60.5,14,5,5.886,2,Ambulance_1
60.6,14,5,5.832,2,Ambulance_1
60.7,14,6,5.814,2,Ambulance_1
60.8,14,6,5.768,2,Ambulance_1
60.9,14,7,5.722,2,Ambulance_1
61.0,14,7,5.682,2,Ambulance_1
61.1,15,7,6.138,2,Ambulance_1
61.2,15,7,6.086,2,Ambulance_1
61.3,16,7,6.514,2,Ambulance_1
61.4,17,7,6.649,2,Ambulance_1
61.5,17,7,6.619,2,Ambulance_1
61.6,17,7,6.56,2,Ambulance_1
61.7,17,7,6.506,2,Ambulance_1
61.8,17,7,6.469,2,Ambulance_1
61.9,17,7,6.423,2,Ambulance_1
62.0,17,7,6.385,2,Ambulance_1
62.1,17,7,6.337,2,Ambulance_1
62.2,17,7,6.293,2,Ambulance_1
62.3,17,7,6.262,2,Ambulance_1
62.4,17,7,6.215,2,Ambulance_1
62.5,17,7,6.176,2,Ambulance_1
62.6,17,7,6.123,2,Ambulance_1
62.7,17,7,6.098,2,Ambulance_1
62.8,17,7,6.061,2,Ambulance_1
62.9,17,7,6.022,2,Ambulance_1
63.0,17,7,5.991,2,Ambulance_1
63.1,17,7,5.944,2,Ambulance_1
63.2,17,7,5.897,2,Ambulance_1
63.3,18,7,6.161,2,Ambulance_1
63.4,18,7,6.135,2,Ambulance_1
63.5,18,7,6.086,2,Ambulance_1
63.6,18,7,6.061,2,Ambulance_1
63.7,18,7,6.031,2,Ambulance_1
63.8,18,7,6.011,2,Ambulance_1
63.9,18,7,5.98,2,Ambulance_1
64.0,18,7,5.948,2,Ambulance_1
64.1,18,7,5.911,3,Ambulance_1
64.2,18,7,5.896,3,Ambulance_1
64.3,18,7,5.861,3,Ambulance_1
64.4,18,7,5.839,3,Ambulance_1
64.5,18,7,5.806,3,Ambulance_1
64.6,18,7,5.778,3,Ambulance_1
64.7,18,7,5.725,3,Ambulance_1
64.8,18,7,5.686,3,Ambulance_1
64.9,18,7,5.636,3,Ambulance_1
65.0,18,7,5.579,3,Ambulance_1
65.1,18,7,5.544,3,Ambulance_1
65.2,18,7,5.501,3,Ambulance_1
65.3,18,7,5.455,3,Ambulance_1
65.4,18,7,5.416,3,Ambulance_1
65.5,18,7,5.368,3,Ambulance_1
65.6,18,7,5.324,3,Ambulance_1
65.7,18,7,5.296,3,Ambulance_1
65.8,18,7,5.266,3,Ambulance_1
65.9,18,7,5.217,3,Ambulance_1
66.0,18,7,5.187,3,Ambulance_1
66.1,18,7,5.142,3,Ambulance_1
66.2,18,7,5.118,3,Ambulance_1
66.3,18,7,5.085,3,Ambulance_1
66.4,18,7,5.041,3,Ambulance_1
66.5,18,7,5.022,3,Ambulance_1
66.6,18,7,4.977,3,Ambulance_1
66.7,18,7,4.959,3,Ambulance_1
66.8,18,7,4.928,3,Ambulance_1
66.9,18,7,4.887,3,Ambulance_1
67.0,18,7,4.867,3,Ambulance_1
67.1,18,7,4.837,3,Ambulance_1
67.2,18,7,4.812,3,Ambulance_1
67.3,18,8,4.781,3,Ambulance_1
67.4,18,8,4.767,3,Ambulance_1
67.5,18,8,4.743,3,Ambulance_1
67.6,18,8,4.708,3,Ambulance_1
67.7,18,8,4.695,3,Ambulance_1
67.8,18,8,4.674,3,Ambulance_1
67.9,18,8,4.659,3,Ambulance_1
68.0,18,8,4.641,3,Ambulance_1
68.1,18,4,4.676,0,Ambulance_1
68.2,18,4,4.729,0,Ambulance_1
68.3,18,2,4.783,0,Ambulance_1
68.4,18,0,4.848,0,Ambulance_1
68.5,18,0,4.931,0,Ambulance_1
68.6,18,0,5.006,0,Ambulance_1
68.7,18,0,5.091,0,Ambulance_1
68.8,18,0,5.169,0,Ambulance_1
68.9,18,0,5.269,0,Ambulance_1
69.0,18,0,5.354,0,Ambulance_1
69.1,18,0,5.439,0,Ambulance_1
69.2,18,0,5.541,0,Ambulance_1
69.3,19,0,6.045,0,Ambulance_1
69.4,19,0,6.15,0,Ambulance_1
69.5,19,0,6.254,0,Ambulance_1
69.6,19,0,6.355,0,Ambulance_1
69.7,19,0,6.465,0,Ambulance_1
69.8,20,0,6.716,0,Ambulance_1
69.9,20,0,6.817,0,Ambulance_1
70.0,20,0,6.93,0,Ambulance_1
70.1,20,0,7.043,0,Ambulance_1
70.2,20,0,7.152,0,Ambulance_1
70.3,20,0,7.247,0,Ambulance_1
70.4,20,0,7.363,0,Ambulance_1
70.5,20,0,7.483,0,Ambulance_1
70.6,20,0,7.599,0,Ambulance_1
70.7,20,0,7.706,0,Ambulance_1
70.8,20,0,7.801,0,Ambulance_1
70.9,20,0,7.912,0,Ambulance_1
71.0,20,0,8.021,0,Ambulance_1
71.1,20,0,8.139,0,Ambulance_1
71.2,20,0,8.229,0,Ambulance_1
71.3,21,0,8.548,0,Ambulance_1
71.4,21,0,8.589,0,Ambulance_1
71.5,21,0,8.634,0,Ambulance_1
71.6,21,0,8.687,0,Ambulance_1
71.7,21,0,8.721,0,Ambulance_1
71.8,21,0,8.769,0,Ambulance_1
71.9,21,0,8.804,0,Ambulance_1
72.0,21,0,8.835,0,Ambulance_1
72.1,21,0,8.865,0,Ambulance_1
72.2,21,0,8.89,0,Ambulance_1
72.3,21,0,8.916,0,Ambulance_1
72.4,21,0,8.923,0,Ambulance_1
72.5,21,0,8.936,0,Ambulance_1
72.6,21,1,8.931,0,Ambulance_1
72.7,21,1,8.942,0,Ambulance_1
72.8,21,1,8.96,0,Ambulance_1
72.9,21,1,8.968,0,Ambulance_1
73.0,21,1,8.973,0,Ambulance_1
73.1,21,1,8.974,0,Ambulance_1
73.2,21,1,8.978,0,Ambulance_1
73.3,21,1,8.97,0,Ambulance_1
73.4,21,1,8.939,0,Ambulance_1
73.5,21,1,8.922,0,Ambulance_1
73.6,21,1,8.931,0,Ambulance_1
73.7,21,1,8.935,0,Ambulance_1
73.8,20,1,8.885,0,Ambulance_1
73.9,20,1,8.909,0,Ambulance_1
74.0,20,1,8.908,0,Ambulance_1
74.1,20,1,8.91,0,Ambulance_1
74.2,20,1,8.926,0,Ambulance_1
74.3,20,1,8.924,0,Ambulance_1
74.4,20,0,8.929,0,Ambulance_1
74.5,20,0,8.93,0,Ambulance_1
74.6,20,0,8.929,0,Ambulance_1
74.7,20,0,8.934,0,Ambulance_1
74.8,20,0,8.958,0,Ambulance_1
74.9,21,0,9.208,0,Ambulance_1
75.0,21,0,9.223,0,Ambulance_1
75.1,21,0,9.234,0,Ambulance_1
75.2,21,1,9.264,0,Ambulance_1
75.3,21,1,9.273,0,Ambulance_1
75.4,21,1,9.302,0,Ambulance_1
75.5,21,1,9.317,0,Ambulance_1
75.6,21,1,9.354,0,Ambulance_1
75.7,21,1,9.388,0,Ambulance_1
75.8,21,1,9.407,0,Ambulance_1
75.9,21,1,9.443,0,Ambulance_1
76.0,21,1,9.47,0,Ambulance_1
76.1,21,1,9.498,0,Ambulance_1
76.2,21,1,9.544,0,Ambulance_1
76.3,21,1,9.592,0,Ambulance_1
76.4,21,2,9.643,0,Ambulance_1
76.5,22,2,9.896,0,Ambulance_1
76.6,22,2,9.954,0,Ambulance_1
76.7,22,2,10.009,0,Ambulance_1
76.8,22,2,10.07,0,Ambulance_1
76.9,22,2,10.123,0,Ambulance_1
77.0,22,2,10.186,0,Ambulance_1
77.1,22,2,10.242,0,Ambulance_1
77.2,22,2,10.293,0,Ambulance_1
77.3,23,2,10.368,0,Ambulance_1
77.4,23,2,10.379,0,Ambulance_1
77.5,23,2,10.42,0,Ambulance_1
77.6,23,2,10.461,0,Ambulance_1
77.7,23,2,10.497,0,Ambulance_1
77.8,23,2,10.54,0,Ambulance_1
77.9,24,2,10.668,0,Ambulance_1
78.0,24,2,10.703,0,Ambulance_1
78.1,24,2,10.699,0,Ambulance_1
78.2,25,2,10.827,0,Ambulance_1
78.3,25,2,10.844,0,Ambulance_1
78.4,25,2,10.846,0,Ambulance_1
78.5,25,2,10.86,0,Ambulance_1
78.6,25,2,10.875,0,Ambulance_1
78.7,25,2,10.861,0,Ambulance_1
78.8,25,2,10.856,0,Ambulance_1
78.9,25,2,10.865,0,Ambulance_1
79.0,25,2,10.856,0,Ambulance_1
79.1,25,2,10.834,0,Ambulance_1
79.2,25,2,10.852,0,Ambulance_1
79.3,25,2,10.842,0,Ambulance_1
79.4,25,2,10.85,0,Ambulance_1
79.5,25,2,10.84,0,Ambulance_1
79.6,25,2,10.866,0,Ambulance_1
79.7,25,2,10.884,0,Ambulance_1
79.8,25,2,10.893,0,Ambulance_1
79.9,25,2,10.906,0,Ambulance_1
80.0,25,2,10.917,0,Ambulance_1
80.1,25,2,10.922,0,Ambulance_1
80.2,25,2,10.957,0,Ambulance_1
80.3,25,2,10.957,0,Ambulance_1
80.4,25,2,10.93,0,Ambulance_1
80.5,25,2,10.935,0,Ambulance_1
80.6,26,2,11.057,0,Ambulance_1
80.7,26,2,11.043,0,Ambulance_1
80.8,26,2,11.02,0,Ambulance_1
80.9,26,2,11.029,0,Ambulance_1
81.0,26,2,11.027,0,Ambulance_1
81.1,26,2,11.044,0,Ambulance_1
81.2,26,2,11.05,0,Ambulance_1
81.3,26,3,11.058,0,Ambulance_1
81.4,26,3,11.073,0,Ambulance_1
81.5,26,3,11.093,0,Ambulance_1
81.6,26,3,11.102,0,Ambulance_1
81.7,26,3,11.105,0,Ambulance_1
81.8,27,3,11.173,0,Ambulance_1
81.9,27,3,11.165,0,Ambulance_1
82.0,27,3,11.142,0,Ambulance_1
82.1,27,3,11.13,0,Ambulance_1
82.2,27,3,11.115,0,Ambulance_1
82.3,28,3,11.16,0,Ambulance_1
82.4,28,3,11.165,0,Ambulance_1
82.5,28,3,11.127,0,Ambulance_1
82.6,28,3,11.122,0,Ambulance_1
82.7,28,3,11.1,0,Ambulance_1
82.8,28,3,11.077,0,Ambulance_1
82.9,28,3,11.051,0,Ambulance_1
83.0,28,3,11.028,0,Ambulance_1
83.1,28,3,11.015,0,Ambulance_1
83.2,29,3,11.104,0,Ambulance_1
83.3,30,3,11.147,0,Ambulance_1
83.4,30,3,11.125,0,Ambulance_1
83.5,30,3,11.097,0,Ambulance_1
83.6,30,3,11.066,0,Ambulance_1
83.7,30,3,11.039,0,Ambulance_1
83.8,30,3,11.043,0,Ambulance_1
83.9,29,3,10.866,0,
84.0,29,3,10.818,0,
84.1,29,3,10.792,0,
84.2,29,3,10.775,0,
84.3,29,3,10.747,0,
84.4,29,3,10.708,0,
84.5,29,4,10.689,0,
84.6,29,4,10.673,0,
84.7,29,4,10.667,0,
84.8,29,4,10.681,0,
84.9,29,4,10.652,0,
85.0,29,4,10.652,0,
85.1,29,4,10.64,0,
85.2,29,4,10.634,0,
85.3,29,4,10.602,0,
85.4,29,4,10.587,0,
85.5,29,4,10.56,0,
85.6,29,4,10.548,0,
85.7,29,4,10.525,0,
85.8,30,4,10.612,0,
85.9,30,4,10.592,0,
86.0,30,4,10.581,0,
86.1,30,4,10.569,0,
86.2,30,4,10.534,0,
86.3,30,4,10.523,0,
86.4,30,4,10.496,0,
86.5,30,4,10.502,0,
86.6,30,4,10.482,0,
86.7,30,4,10.457,0,
86.8,30,4,10.448,0,
86.9,30,4,10.437,0,
87.0,30,4,10.419,0,
87.1,29,4,10.298,0,
87.2,30,4,10.39,0,
87.3,30,4,10.379,0,
87.4,30,4,10.379,0,
87.5,29,4,10.243,0,
87.6,29,4,10.232,0,
87.7,29,4,10.221,0,
87.8,29,4,10.187,0,
87.9,29,4,10.196,0,
88.0,28,4,10.072,0,
88.1,28,4,10.06,0,
88.2,27,4,9.966,0,
88.3,27,4,9.965,0,
88.4,27,4,9.942,0,
88.5,27,4,9.94,0,
88.6,27,4,9.934,0,
88.7,26,4,9.764,0,
88.8,26,5,9.748,0,
88.9,26,5,9.73,0,
89.0,26,5,9.745,0,
89.1,26,5,9.731,0,
89.2,26,5,9.715,0,
89.3,26,5,9.714,0,
89.4,26,5,9.688,0,
89.5,26,5,9.68,0,
89.6,26,5,9.678,0,
89.7,25,5,9.511,0,
89.8,24,5,9.321,0,
89.9,24,5,9.305,0,
90.0,24,5,9.313,0,
90.1,25,6,8.924,0,Ambulance_2
90.2,24,5,8.786,0,Ambulance_2
90.3,24,5,8.787,0,Ambulance_2
90.4,24,5,8.775,0,Ambulance_2
90.5,24,5,8.776,0,Ambulance_2
90.6,24,5,8.774,0,Ambulance_2
90.7,24,5,8.776,0,Ambulance_2
90.8,24,5,8.755,0,Ambulance_2
90.9,24,5,8.721,0,Ambulance_2
91.0,25,5,8.898,0,Ambulance_2
91.1,25,5,8.894,0,Ambulance_2
91.2,25,5,8.859,0,Ambulance_2
91.3,25,5,8.845,0,Ambulance_2
91.4,25,5,8.821,0,Ambulance_2
91.5,25,5,8.794,0,Ambulance_2
91.6,25,5,8.78,0,Ambulance_2
91.7,25,5,8.742,0,Ambulance_2
91.8,25,5,8.694,0,Ambulance_2
91.9,25,5,8.657,0,Ambulance_2
92.0,24,5,8.397,0,Ambulance_2
92.1,24,5,8.361,0,Ambulance_2
92.2,24,5,8.333,0,Ambulance_2
92.3,24,6,8.279,0,Ambulance_2
92.4,24,6,8.217,0,Ambulance_2
92.5,24,6,8.139,0,Ambulance_2
92.6,24,6,8.069,0,Ambulance_2
92.7,25,6,8.215,0,Ambulance_2
92.8,25,6,8.126,0,Ambulance_2
92.9,25,6,8.058,0,Ambulance_2
93.0,26,6,8.222,0,Ambulance_2
93.1,26,6,8.149,0,Ambulance_2
93.2,26,6,8.081,0,Ambulance_2
93.3,26,6,8.025,0,Ambulance_2
93.4,26,6,7.973,0,Ambulance_2
93.5,26,6,7.894,0,Ambulance_2
93.6,26,6,7.825,0,Ambulance_2
93.7,26,7,7.768,0,Ambulance_2
93.8,25,7,7.446,0,Ambulance_2
93.9,25,7,7.389,0,Ambulance_2
94.0,25,7,7.331,0,Ambulance_2
94.1,25,7,7.281,0,Ambulance_2
94.2,25,7,7.225,0,Ambulance_2
94.3,25,7,7.166,0,Ambulance_2
94.4,25,7,7.118,0,Ambulance_2
94.5,25,7,7.058,0,Ambulance_2
94.6,25,7,7.019,0,Ambulance_2
94.7,25,7,6.958,0,Ambulance_2
94.8,25,7,6.91,0,Ambulance_2
94.9,25,7,6.878,0,Ambulance_2
95.0,25,7,6.826,0,Ambulance_2
95.1,25,7,6.782,0,Ambulance_2
95.2,25,7,6.741,0,Ambulance_2
95.3,25,7,6.701,0,Ambulance_2
95.4,25,7,6.659,0,Ambulance_2
95.5,24,8,6.338,0,Ambulance_2
95.6,24,8,6.297,0,Ambulance_2
95.7,24,8,6.252,0,Ambulance_2
95.8,24,8,6.204,0,Ambulance_2
95.9,24,8,6.159,0,Ambulance_2
96.0,24,8,6.118,0,Ambulance_2
96.1,24,8,6.062,0,Ambulance_2
96.2,24,8,6.019,0,Ambulance_2
96.3,24,8,5.983,0,Ambulance_2
96.4,24,7,5.947,0,Ambulance_2
96.5,24,7,5.928,0,Ambulance_2
96.6,25,7,6.098,0,Ambulance_2
96.7,26,7,6.312,0,Ambulance_2
96.8,27,7,6.547,0,Ambulance_2
96.9,27,7,6.522,0,Ambulance_2
97.0,27,7,6.51,0,Ambulance_2
97.1,27,7,6.482,0,Ambulance_2
97.2,27,7,6.455,0,Ambulance_2
97.3,27,7,6.441,0,Ambulance_2
97.4,27,7,6.424,0,Ambulance_2
97.5,27,7,6.391,0,Ambulance_2
97.6,27,7,6.368,0,Ambulance_2
97.7,27,7,6.349,0,Ambulance_2
97.8,27,7,6.342,0,Ambulance_2
97.9,27,7,6.31,0,Ambulance_2
98.0,27,7,6.299,0,Ambulance_2
98.1,27,7,6.281,1,Ambulance_2
98.2,27,7,6.259,1,Ambulance_2
98.3,27,7,6.232,1,Ambulance_2
98.4,27,7,6.219,1,Ambulance_2
98.5,26,7,6.015,1,Ambulance_2
98.6,26,7,6.007,1,Ambulance_2
98.7,25,7,5.836,1,Ambulance_2
98.8,25,7,5.817,1,Ambulance_2
98.9,25,8,5.813,1,Ambulance_2
99.0,25,8,5.804,1,Ambulance_2
99.1,25,8,5.788,1,Ambulance_2
99.2,25,9,5.779,1,Ambulance_2
99.3,25,9,5.757,1,Ambulance_2
99.4,25,9,5.761,1,Ambulance_2
99.5,25,9,5.74,1,Ambulance_2
99.6,26,9,6.052,1,Ambulance_2
99.7,26,9,6.049,1,Ambulance_2
99.8,26,9,6.037,1,Ambulance_2
99.9,26,10,6.022,1,Ambulance_2
100.0,26,10,6.023,1,Ambulance_2
100.1,26,10,6.021,1,Ambulance_2
100.2,26,11,6.008,1,Ambulance_2
100.3,26,11,6.003,1,Ambulance_2
100.4,26,11,6.013,1,Ambulance_2
100.5,26,11,5.99,1,Ambulance_2
100.6,26,11,5.986,1,Ambulance_2
100.7,26,11,5.987,1,Ambulance_2
100.8,26,11,5.979,1,Ambulance_2
100.9,26,11,5.984,1,Ambulance_2
101.0,26,11,5.992,1,Ambulance_2
101.1,26,11,5.976,1,Ambulance_2
101.2,26,11,5.983,1,Ambulance_2
101.3,26,11,5.982,1,Ambulance_2
101.4,26,11,5.987,1,Ambulance_2
101.5,26,11,5.986,1,Ambulance_2
101.6,26,11,5.991,1,Ambulance_2
101.7,26,11,5.993,1,Ambulance_2
101.8,26,11,5.991,1,Ambulance_2
101.9,26,11,5.983,1,Ambulance_2
102.0,26,11,5.987,1,Ambulance_2
102.1,26,7,6.029,2,Ambulance_2
102.2,26,7,6.071,2,Ambulance_2
102.3,26,7,6.114,2,Ambulance_2
102.4,26,5,6.153,2,Ambulance_2
102.5,26,4,6.197,2,Ambulance_2
102.6,26,4,6.257,2,Ambulance_2
102.7,26,4,6.297,2,Ambulance_2
102.8,26,2,6.349,2,Ambulance_2
102.9,26,1,6.395,2,Ambulance_2
103.0,26,1,6.426,2,Ambulance_2
103.1,26,1,6.433,2,Ambulance_2
103.2,26,1,6.458,2,Ambulance_2
103.3,26,0,6.473,2,Ambulance_2
103.4,26,0,6.496,2,Ambulance_2
103.5,26,0,6.521,2,Ambulance_2
103.6,26,0,6.539,2,Ambulance_2
103.7,26,0,6.551,2,Ambulance_2
103.8,26,0,6.574,2,Ambulance_2
103.9,26,0,6.605,2,Ambulance_2
104.0,26,0,6.625,2,Ambulance_2
104.1,26,0,6.637,2,Ambulance_2
104.2,26,0,6.632,2,Ambulance_2
104.3,26,0,6.639,2,Ambulance_2
104.4,26,0,6.632,2,Ambulance_2
104.5,27,0,6.89,2,Ambulance_2
104.6,27,0,6.895,2,Ambulance_2
104.7,27,0,6.898,2,Ambulance_2
104.8,27,0,6.922,2,Ambulance_2
104.9,27,0,6.934,2,Ambulance_2
105.0,27,1,6.937,2,Ambulance_2
105.1,26,1,6.714,2,Ambulance_2
105.2,26,1,6.738,2,Ambulance_2
105.3,26,1,6.775,2,Ambulance_2
105.4,26,1,6.808,2,Ambulance_2
105.5,26,1,6.828,2,Ambulance_2
105.6,26,1,6.839,2,Ambulance_2
105.7,26,1,6.816,2,Ambulance_2
105.8,26,1,6.81,2,Ambulance_2
105.9,26,2,6.797,2,Ambulance_2
106.0,26,2,6.805,2,Ambulance_2
106.1,26,2,6.802,2,Ambulance_2
106.2,26,2,6.797,2,Ambulance_2
106.3,26,2,6.8,2,Ambulance_2
106.4,26,3,6.809,2,Ambulance_2
106.5,26,3,6.84,2,Ambulance_2
106.6,26,3,6.85,2,Ambulance_2
106.7,26,3,6.899,2,Ambulance_2
106.8,26,3,6.935,2,Ambulance_2
106.9,26,3,6.965,2,Ambulance_2
107.0,26,3,6.971,2,Ambulance_2
107.1,26,3,7.025,2,Ambulance_2
107.2,26,3,7.048,2,Ambulance_2
107.3,26,3,7.089,2,Ambulance_2
107.4,26,3,7.132,2,Ambulance_2
107.5,26,3,7.156,2,Ambulance_2
107.6,26,3,7.148,2,Ambulance_2
107.7,26,3,7.139,2,Ambulance_2
107.8,26,3,7.144,2,Ambulance_2
107.9,26,3,7.16,2,Ambulance_2
108.0,26,3,7.175,2,Ambulance_2
108.1,26,3,7.197,2,Ambulance_2
108.2,26,3,7.197,2,Ambulance_2
108.3,26,5,7.197,2,Ambulance_2
108.4,26,5,7.194,2,Ambulance_2
108.5,26,5,7.191,2,Ambulance_2
108.6,26,5,7.183,2,Ambulance_2
108.7,26,5,7.182,2,Ambulance_2
108.8,26,5,7.194,2,Ambulance_2
108.9,26,5,7.205,2,Ambulance_2
109.0,26,6,7.234,2,Ambulance_2
109.1,26,6,7.248,2,Ambulance_2
109.2,26,7,7.234,2,Ambulance_2
109.3,26,7,7.249,2,Ambulance_2
109.4,26,6,7.248,2,Ambulance_2
109.5,26,6,7.289,2,Ambulance_2
109.6,26,6,7.286,2,Ambulance_2
109.7,26,6,7.271,2,Ambulance_2
109.8,25,6,7.035,2,Ambulance_2
109.9,25,6,7.01,2,Ambulance_2
110.0,25,6,6.976,2,Ambulance_2
110.1,25,6,6.95,2,Ambulance_2
110.2,25,6,6.927,2,Ambulance_2
110.3,25,6,6.9,2,Ambulance_2
110.4,25,6,6.873,2,Ambulance_2
110.5,25,6,6.863,2,Ambulance_2
110.6,25,6,6.842,2,Ambulance_2
110.7,25,6,6.826,2,Ambulance_2
110.8,25,6,6.791,2,Ambulance_2
110.9,25,6,6.747,2,Ambulance_2
111.0,25,5,6.707,2,Ambulance_2
111.1,25,5,6.659,2,Ambulance_2
111.2,25,5,6.662,2,Ambulance_2
111.3,25,4,6.663,2,Ambulance_2
111.4,25,4,6.656,2,Ambulance_2
111.5,26,4,6.934,2,Ambulance_2
111.6,26,4,6.94,2,Ambulance_2
111.7,26,4,6.918,2,Ambulance_2
111.8,26,4,6.926,2,Ambulance_2
111.9,26,4,6.931,2,Ambulance_2
112.0,26,4,6.936,2,Ambulance_2
112.1,26,4,6.952,2,Ambulance_2
112.2,26,4,6.957,2,Ambulance_2
112.3,26,4,6.958,2,Ambulance_2
112.4,27,5,7.218,2,Ambulance_2
112.5,27,5,7.226,2,Ambulance_2
112.6,27,5,7.26,2,Ambulance_2
112.7,27,5,7.28,2,Ambulance_2
112.8,27,5,7.31,2,Ambulance_2
112.9,27,5,7.351,2,Ambulance_2
113.0,27,5,7.372,2,Ambulance_2
113.1,27,5,7.396,2,Ambulance_2
113.2,27,5,7.434,2,Ambulance_2
113.3,27,5,7.466,2,Ambulance_2
113.4,27,5,7.515,2,Ambulance_2
113.5,28,5,7.761,2,Ambulance_2
113.6,28,5,7.78,2,Ambulance_2
113.7,28,5,7.82,2,Ambulance_2
113.8,28,5,7.829,2,Ambulance_2
113.9,28,5,7.858,2,Ambulance_2
114.0,27,5,7.764,2,Ambulance_2
114.1,27,5,7.798,2,Ambulance_2
114.2,27,5,7.814,2,Ambulance_2
114.3,27,5,7.848,2,Ambulance_2
114.4,27,5,7.881,2,Ambulance_2
114.5,27,5,7.909,2,Ambulance_2
114.6,27,6,7.945,2,Ambulance_2
114.7,27,6,7.971,2,Ambulance_2
114.8,26,6,7.783,2,Ambulance_2
114.9,26,6,7.825,2,Ambulance_2
115.0,26,6,7.865,2,Ambulance_2
115.1,26,6,7.907,2,Ambulance_2
115.2,26,6,7.96,2,Ambulance_2
115.3,26,6,7.995,2,Ambulance_2
115.4,26,6,8.039,2,Ambulance_2
115.5,26,6,8.069,2,Ambulance_2
115.6,26,6,8.113,2,Ambulance_2
115.7,26,6,8.143,2,Ambulance_2
115.8,26,6,8.191,2,Ambulance_2
115.9,26,6,8.206,2,Ambulance_2
116.0,26,6,8.201,2,Ambulance_2
116.1,26,6,8.196,2,Ambulance_2
116.2,26,6,8.197,2,Ambulance_2
116.3,26,6,8.208,2,Ambulance_2
116.4,26,6,8.224,2,Ambulance_2
116.5,26,6,8.257,2,Ambulance_2
116.6,26,6,8.298,2,Ambulance_2
116.7,26,6,8.339,2,Ambulance_2
116.8,26,6,8.381,2,Ambulance_2
116.9,26,6,8.419,2,Ambulance_2
117.0,26,6,8.471,2,Ambulance_2
117.1,26,6,8.512,2,Ambulance_2
117.2,26,6,8.547,2,Ambulance_2
117.3,26,6,8.586,2,Ambulance_2
117.4,26,6,8.643,2,Ambulance_2
117.5,26,6,8.683,2,Ambulance_2
117.6,26,6,8.726,2,Ambulance_2
117.7,26,6,8.737,2,Ambulance_2
117.8,26,6,8.757,2,Ambulance_2
117.9,26,6,8.77,2,Ambulance_2
118.0,26,6,8.792,2,Ambulance_2
118.1,26,6,8.803,2,Ambulance_2
118.2,26,6,8.831,2,Ambulance_2
118.3,26,6,8.853,2,Ambulance_2
118.4,26,6,8.884,2,Ambulance_2
118.5,26,6,8.925,2,Ambulance_2
118.6,26,6,8.945,2,Ambulance_2
118.7,26,6,8.963,2,Ambulance_2
118.8,26,6,8.974,2,Ambulance_2
118.9,26,6,8.976,2,Ambulance_2
119.0,26,6,9.005,2,Ambulance_2
119.1,26,6,9.026,2,Ambulance_2
119.2,26,6,9.042,2,Ambulance_2
119.3,26,6,9.062,2,Ambulance_2
119.4,26,6,9.077,2,Ambulance_2
119.5,26,6,9.103,2,Ambulance_2
119.6,26,6,9.116,2,Ambulance_2
119.7,26,6,9.113,2,Ambulance_2
119.8,26,6,9.132,2,Ambulance_2
119.9,26,6,9.14,2,Ambulance_2
120.0,26,6,9.143,2,Ambulance_2
120.1,26,6,9.159,2,Ambulance_2
120.2,26,6,9.157,2,Ambulance_2
120.3,26,6,9.16,2,Ambulance_2
120.4,26,6,9.164,2,Ambulance_2
120.5,26,6,9.181,2,Ambulance_2
120.6,26,6,9.18,2,Ambulance_2
120.7,26,6,9.204,2,Ambulance_2
120.8,26,6,9.212,2,Ambulance_2
120.9,25,6,9.055,2,Ambulance_2
121.0,25,6,9.059,2,Ambulance_2
121.1,25,6,9.082,2,Ambulance_2
121.2,25,6,9.099,2,Ambulance_2
121.3,25,6,9.106,2,Ambulance_2
121.4,25,6,9.128,2,Ambulance_2
121.5,25,6,9.14,2,Ambulance_2
121.6,25,6,9.16,2,Ambulance_2
121.7,25,6,9.156,2,Ambulance_2
121.8,24,6,9.045,2,Ambulance_2
121.9,24,6,9.05,2,Ambulance_2
122.0,24,6,9.064,2,Ambulance_2
122.1,24,6,9.048,2,Ambulance_2
122.2,24,6,9.052,2,Ambulance_2
122.3,24,6,9.032,2,Ambulance_2
122.4,24,7,9.018,2,Ambulance_2
122.5,24,7,9.025,2,Ambulance_2
122.6,24,7,9.019,2,Ambulance_2
122.7,24,7,9.012,2,Ambulance_2
122.8,24,7,8.986,2,Ambulance_2
122.9,24,7,8.984,2,Ambulance_2
123.0,24,7,8.985,2,Ambulance_2
123.1,24,7,8.989,2,Ambulance_2
123.2,24,7,8.973,2,Ambulance_2
123.3,24,7,8.963,2,Ambulance_2
123.4,24,7,8.932,2,Ambulance_2
123.5,24,7,8.926,2,Ambulance_2
123.6,24,7,8.899,2,Ambulance_2
123.7,24,7,8.872,2,Ambulance_2
123.8,23,7,8.709,2,Ambulance_2
123.9,23,7,8.699,2,Ambulance_2
124.0,23,7,8.682,2,Ambulance_2
124.1,23,7,8.651,2,Ambulance_2
124.2,23,7,8.637,2,Ambulance_2
124.3,23,7,8.611,2,Ambulance_2
124.4,23,7,8.59,2,Ambulance_2
124.5,23,7,8.554,2,Ambulance_2
124.6,21,7,8.037,2,Ambulance_2
124.7,21,7,8.002,2,Ambulance_2
124.8,21,7,7.993,2,Ambulance_2
124.9,21,7,7.952,2,Ambulance_2
125.0,21,7,7.924,2,Ambulance_2
125.1,22,7,8.16,2,Ambulance_2
125.2,22,7,8.139,2,Ambulance_2
125.3,22,7,8.115,2,Ambulance_2
125.4,22,7,8.112,2,Ambulance_2
125.5,22,7,8.088,2,Ambulance_2
125.6,22,7,8.052,2,Ambulance_2
125.7,21,7,7.761,2,Ambulance_2
125.8,21,7,7.739,2,Ambulance_2
125.9,21,7,7.714,2,Ambulance_2
126.0,22,7,7.939,2,Ambulance_2
126.1,22,7,7.908,2,Ambulance_2
126.2,22,7,7.881,2,Ambulance_2
126.3,22,7,7.876,2,Ambulance_2
126.4,22,7,7.854,2,Ambulance_2
126.5,22,7,7.839,2,Ambulance_2
126.6,22,7,7.823,2,Ambulance_2
126.7,21,7,7.727,2,Ambulance_2
126.8,21,7,7.698,2,Ambulance_2
126.9,21,7,7.684,2,Ambulance_2
127.0,21,7,7.669,2,Ambulance_2
127.1,21,7,7.66,2,Ambulance_2
127.2,21,7,7.638,2,Ambulance_2
127.3,20,7,7.345,2,Ambulance_2
127.4,20,7,7.343,2,Ambulance_2
127.5,20,7,7.324,2,Ambulance_2
127.6,20,7,7.317,2,Ambulance_2
127.7,20,7,7.292,2,Ambulance_2
127.8,20,7,7.299,2,Ambulance_2
127.9,20,7,7.279,2,Ambulance_2
128.0,20,7,7.279,2,Ambulance_2
128.1,19,7,6.923,2,Ambulance_2
128.2,19,7,6.919,2,Ambulance_2
128.3,19,7,6.912,2,Ambulance_2
128.4,19,7,6.907,2,Ambulance_2
128.5,18,7,6.736,2,Ambulance_2
128.6,18,8,6.729,2,Ambulance_2
128.7,18,8,6.725,2,Ambulance_2
128.8,18,8,6.724,2,Ambulance_2
128.9,18,8,6.717,2,Ambulance_2
129.0,18,8,6.715,2,Ambulance_2
129.1,18,8,6.712,2,Ambulance_2
129.2,18,8,6.702,2,Ambulance_2
129.3,18,8,6.697,2,Ambulance_2
129.4,18,8,6.693,2,Ambulance_2
129.5,17,8,6.276,2,Ambulance_2
129.6,17,8,6.289,2,Ambulance_2
129.7,17,8,6.275,2,Ambulance_2
129.8,16,8,5.812,2,Ambulance_2
129.9,16,8,5.795,2,Ambulance_2
130.0,16,8,5.794,2,Ambulance_2
130.1,16,9,5.804,2,Ambulance_2
130.2,16,9,5.8,2,Ambulance_2
130.3,16,9,5.796,2,Ambulance_2
130.4,16,9,5.8,2,Ambulance_2
130.5,16,9,5.79,2,Ambulance_2
130.6,16,9,5.8,2,Ambulance_2
130.7,16,9,5.798,2,Ambulance_2
130.8,16,9,5.805,2,Ambulance_2
130.9,16,9,5.808,2,Ambulance_2
131.0,16,9,5.799,2,Ambulance_2
131.1,15,9,5.285,2,Ambulance_2
131.2,15,9,5.28,2,Ambulance_2
131.3,15,9,5.289,2,Ambulance_2
131.4,15,9,5.281,2,Ambulance_2
131.5,15,9,5.287,2,Ambulance_2
131.6,15,9,5.28,2,Ambulance_2
131.7,15,9,5.293,2,Ambulance_2
131.8,15,9,5.285,2,Ambulance_2
131.9,15,9,5.287,2,Ambulance_2
132.0,15,9,5.284,2,Ambulance_2
132.1,15,9,5.286,3,Ambulance_2
132.2,14,9,4.683,3,Ambulance_2
132.3,14,9,4.676,3,Ambulance_2
132.4,14,9,4.67,3,Ambulance_2
132.5,14,9,4.668,3,Ambulance_2
132.6,14,9,4.669,3,Ambulance_2
132.7,14,9,4.668,3,Ambulance_2
132.8,14,9,4.663,3,Ambulance_2
132.9,14,9,4.673,3,Ambulance_2
133.0,14,9,4.673,3,Ambulance_2
133.1,14,9,4.661,3,Ambulance_2
133.2,14,9,4.657,3,Ambulance_2
133.3,14,9,4.662,3,Ambulance_2
133.4,14,9,4.677,3,Ambulance_2
133.5,14,9,4.671,3,Ambulance_2
133.6,14,9,4.675,3,Ambulance_2
133.7,14,9,4.668,3,Ambulance_2
133.8,14,9,4.669,3,Ambulance_2
133.9,14,9,4.684,3,Ambulance_2
134.0,14,9,4.678,3,Ambulance_2
134.1,14,9,4.672,3,Ambulance_2
134.2,14,9,4.682,3,Ambulance_2
134.3,14,9,4.676,3,Ambulance_2
134.4,14,9,4.67,3,Ambulance_2
134.5,14,9,4.667,3,Ambulance_2
134.6,14,9,4.663,3,Ambulance_2
134.7,14,9,4.68,3,Ambulance_2
134.8,14,9,4.679,3,Ambulance_2
134.9,14,9,4.673,3,Ambulance_2
135.0,14,9,4.675,3,Ambulance_2
135.1,13,9,3.958,3,Ambulance_2
135.2,13,9,3.971,3,Ambulance_2
135.3,13,9,3.962,3,Ambulance_2
135.4,13,9,3.96,3,Ambulance_2
135.5,13,9,3.963,3,Ambulance_2
135.6,13,9,3.971,3,Ambulance_2
135.7,13,9,3.978,3,Ambulance_2
135.8,13,9,3.97,3,Ambulance_2
135.9,13,9,3.969,3,Ambulance_2
136.0,13,9,3.967,3,Ambulance_2
136.1,13,6,4.02,0,Ambulance_2
136.2,13,6,4.102,0,Ambulance_2
136.3,13,4,4.174,0,Ambulance_2
136.4,13,3,4.254,0,Ambulance_2
136.5,13,3,4.32,0,Ambulance_2
136.6,13,3,4.411,0,Ambulance_2
136.7,13,1,4.501,0,Ambulance_2
136.8,13,1,4.583,0,Ambulance_2
136.9,13,1,4.692,0,Ambulance_2
137.0,13,1,4.793,0,Ambulance_2
137.1,13,0,4.887,0,Ambulance_2
137.2,13,0,5.002,0,Ambulance_2
137.3,13,0,5.132,0,Ambulance_2
137.4,13,0,5.24,0,Ambulance_2
137.5,13,0,5.362,0,Ambulance_2
137.6,13,0,5.469,0,Ambulance_2
137.7,12,0,5.129,0,Ambulance_2
137.8,12,0,5.245,0,Ambulance_2
137.9,12,0,5.309,0,Ambulance_2
138.0,12,0,5.352,0,Ambulance_2
138.1,12,0,5.376,0,Ambulance_2
138.2,12,0,5.385,0,Ambulance_2
138.3,12,0,5.413,0,Ambulance_2
138.4,12,0,5.437,0,Ambulance_2
138.5,12,0,5.494,0,Ambulance_2
138.6,12,0,5.524,0,Ambulance_2
138.7,12,1,5.59,0,Ambulance_2
138.8,12,1,5.658,0,Ambulance_2
138.9,12,1,5.758,0,Ambulance_2
139.0,12,1,5.851,0,Ambulance_2
139.1,12,1,5.932,0,Ambulance_2
139.2,12,1,6.028,0,Ambulance_2
139.3,12,1,6.109,0,Ambulance_2
139.4,12,1,6.182,0,Ambulance_2
139.5,12,1,6.287,0,Ambulance_2
139.6,12,1,6.374,0,Ambulance_2
139.7,12,1,6.469,0,Ambulance_2
139.8,12,1,6.575,0,Ambulance_2
139.9,12,1,6.672,0,Ambulance_2
140.0,12,1,6.744,0,Ambulance_2
140.1,12,1,6.859,0,Ambulance_2
140.2,12,1,6.959,0,Ambulance_2
140.3,12,1,7.07,0,Ambulance_2
140.4,12,1,7.189,0,Ambulance_2
140.5,12,1,7.288,0,Ambulance_2
140.6,12,2,7.391,0,Ambulance_2
140.7,12,2,7.473,0,Ambulance_2
140.8,12,2,7.587,0,Ambulance_2
140.9,12,1,7.702,0,Ambulance_2
141.0,12,1,7.83,0,Ambulance_2
141.1,11,0,7.438,0,Ambulance_2
141.2,11,0,7.584,0,Ambulance_2
141.3,11,0,7.692,0,Ambulance_2
141.4,11,0,7.777,0,Ambulance_2
141.5,11,0,7.925,0,Ambulance_2
141.6,11,0,8.026,0,Ambulance_2
141.7,11,0,8.155,0,Ambulance_2
141.8,11,0,8.235,0,Ambulance_2
141.9,11,0,8.36,0,Ambulance_2
142.0,11,0,8.433,0,Ambulance_2
142.1,11,0,8.555,0,Ambulance_2
142.2,11,0,8.666,0,Ambulance_2
142.3,11,0,8.774,0,Ambulance_2
142.4,11,0,8.91,0,Ambulance_2
142.5,11,0,9.018,0,Ambulance_2
142.6,11,0,9.164,0,Ambulance_2
142.7,11,0,9.305,0,Ambulance_2
142.8,11,0,9.351,0,Ambulance_2
142.9,12,0,9.788,0,Ambulance_2
143.0,12,0,9.822,0,Ambulance_2
143.1,12,0,9.913,0,Ambulance_2
143.2,12,0,10.005,0,Ambulance_2
143.3,12,0,10.083,0,Ambulance_2
143.4,12,0,10.17,0,Ambulance_2
143.5,12,0,10.259,0,Ambulance_2
143.6,12,0,10.366,0,Ambulance_2
143.7,12,0,10.454,0,Ambulance_2
143.8,12,0,10.54,0,Ambulance_2
143.9,12,0,10.625,0,Ambulance_2
144.0,12,0,10.721,0,Ambulance_2
144.1,12,0,10.819,0,Ambulance_2
144.2,12,0,10.956,0,Ambulance_2
144.3,12,0,11.027,0,Ambulance_2
144.4,12,0,11.129,0,Ambulance_2
144.5,12,0,11.25,0,Ambulance_2
144.6,12,0,11.307,0,Ambulance_2
144.7,12,0,11.425,0,Ambulance_2
144.8,12,0,11.524,0,Ambulance_2
144.9,12,0,11.625,0,Ambulance_2
145.0,12,0,11.75,0,Ambulance_2
145.1,12,0,11.837,0,Ambulance_2
145.2,12,0,11.916,0,Ambulance_2
145.3,12,0,11.931,0,Ambulance_2
145.4,12,0,12.028,0,Ambulance_2
145.5,12,0,12.079,0,Ambulance_2
145.6,12,0,12.147,0,Ambulance_2
145.7,12,0,12.228,0,Ambulance_2
145.8,12,0,12.301,0,Ambulance_2
145.9,12,0,12.365,0,Ambulance_2
146.0,12,0,12.432,0,Ambulance_2
146.1,13,0,12.344,0,Ambulance_2
146.2,14,0,12.487,0,Ambulance_2
146.3,14,0,12.552,0,Ambulance_2
146.4,14,0,12.573,0,Ambulance_2
146.5,14,0,12.646,0,Ambulance_2
146.6,14,0,12.694,0,Ambulance_2
146.7,14,0,12.753,0,Ambulance_2
146.8,14,0,12.814,0,Ambulance_2
146.9,14,0,12.892,0,Ambulance_2
147.0,14,0,12.962,0,Ambulance_2
147.1,14,0,12.996,0,Ambulance_2
147.2,14,0,13.033,0,Ambulance_2
147.3,14,0,13.07,0,Ambulance_2
147.4,14,0,13.115,0,Ambulance_2
147.5,14,0,13.152,0,Ambulance_2
147.6,14,0,13.199,0,Ambulance_2
147.7,14,0,13.255,0,Ambulance_2
147.8,14,0,13.311,0,Ambulance_2
147.9,14,0,13.345,0,Ambulance_2
148.0,14,0,13.336,0,Ambulance_2
148.1,14,0,13.364,0,Ambulance_2
148.2,14,0,13.371,0,Ambulance_2
148.3,14,0,13.355,0,Ambulance_2
148.4,14,0,13.37,0,Ambulance_2
148.5,14,0,13.352,0,Ambulance_2
148.6,14,0,13.367,0,Ambulance_2
148.7,14,0,13.363,0,Ambulance_2
148.8,15,0,13.406,0,Ambulance_2
148.9,15,0,13.395,0,Ambulance_2
149.0,15,0,13.391,0,Ambulance_2
149.1,15,0,13.411,0,Ambulance_2
149.2,15,0,13.403,0,Ambulance_2
149.3,15,0,13.395,0,Ambulance_2
149.4,15,0,13.417,0,Ambulance_2
149.5,15,0,13.398,0,Ambulance_2
149.6,15,0,13.385,0,Ambulance_2
149.7,15,0,13.381,0,Ambulance_2
149.8,15,0,13.41,0,Ambulance_2
149.9,15,0,13.406,0,Ambulance_2
150.0,15,0,13.4,0,Ambulance_2
150.1,15,0,13.393,0,Ambulance_2
150.2,15,0,13.404,0,Ambulance_2
150.3,15,0,13.408,0,Ambulance_2
150.4,15,0,13.397,0,Ambulance_2
150.5,15,0,13.403,0,Ambulance_2
150.6,15,0,13.392,0,Ambulance_2
150.7,15,0,13.387,0,Ambulance_2
150.8,15,0,13.395,0,Ambulance_2
150.9,15,0,13.386,0,Ambulance_2
151.0,15,0,13.377,0,Ambulance_2
151.1,15,0,13.397,0,Ambulance_2
151.2,15,0,13.395,0,Ambulance_2
151.3,15,0,13.392,0,Ambulance_2
151.4,15,0,13.391,0,Ambulance_2
151.5,15,0,13.385,0,Ambulance_2
151.6,15,0,13.396,0,Ambulance_2
151.7,15,0,13.403,0,Ambulance_2
151.8,15,0,13.398,0,Ambulance_2
151.9,15,0,13.391,0,Ambulance_2
152.0,15,0,13.414,0,Ambulance_2
152.1,15,0,13.402,0,Ambulance_2
152.2,15,0,13.421,0,Ambulance_2
152.3,15,0,13.412,0,Ambulance_2
152.4,15,0,13.396,0,Ambulance_2
152.5,15,0,13.401,0,Ambulance_2
152.6,15,0,13.389,0,Ambulance_2
152.7,15,0,13.401,0,Ambulance_2
152.8,15,0,13.385,0,Ambulance_2
152.9,15,0,13.375,0,Ambulance_2
153.0,15,0,13.386,0,Ambulance_2
153.1,15,0,13.388,0,Ambulance_2
153.2,14,0,13.386,0,Ambulance_2
153.3,14,0,13.379,0,Ambulance_2
153.4,14,0,13.384,0,Ambulance_2
153.5,14,0,13.368,0,Ambulance_2
153.6,14,0,13.351,0,Ambulance_2
153.7,13,0,13.321,0,Ambulance_2
153.8,13,0,13.341,0,Ambulance_2
153.9,13,0,13.332,0,Ambulance_2
154.0,13,0,13.345,0,Ambulance_2
154.1,12,0,13.236,0,
154.2,12,0,13.261,0,
154.3,12,0,13.234,0,
154.4,12,0,13.241,0,
154.5,12,0,13.235,0,
154.6,12,0,13.224,0,
154.7,12,0,13.225,0,
154.8,12,0,13.226,0,
154.9,12,0,13.227,0,
155.0,12,0,13.225,0,
155.1,13,0,13.295,0,
155.2,13,0,13.288,0,
155.3,13,0,13.281,0,
155.4,13,0,13.269,0,
155.5,13,0,13.277,0,
155.6,13,0,13.282,0,
155.7,13,0,13.277,0,
155.8,13,0,13.265,0,
155.9,13,0,13.261,0,
156.0,11,0,13.241,0,
156.1,11,0,13.231,0,
156.2,11,0,13.228,0,
156.3,10,0,13.185,0,
156.4,10,0,13.162,0,
156.5,10,0,13.187,0,
156.6,10,0,13.173,0,
156.7,10,0,13.193,0,
156.8,10,0,13.159,0,
156.9,10,0,13.195,0,
157.0,10,0,13.187,0,
157.1,10,0,13.173,0,
157.2,10,0,13.157,0,
157.3,10,0,13.166,0,
157.4,10,0,13.183,0,
157.5,10,0,13.173,0,
157.6,9,0,13.113,0,
157.7,10,0,13.217,0,
157.8,10,0,13.222,0,
157.9,10,0,13.223,0,
158.0,10,0,13.203,0,
158.1,10,0,13.22,0,
158.2,10,0,13.158,0,
158.3,10,0,13.145,0,
158.4,10,0,13.062,0,
158.5,10,0,13.043,0,
158.6,10,0,13.004,0,
158.7,10,0,12.935,0,
158.8,10,0,12.904,0,
158.9,10,0,12.838,0,
159.0,9,0,12.722,0,
159.1,8,0,12.54,0,
159.2,8,0,12.481,0,
159.3,8,0,12.446,0,
159.4,8,0,12.345,0,
159.5,8,0,12.318,0,
159.6,8,0,12.217,0,
159.7,8,0,12.217,0,
159.8,8,0,12.163,0,
159.9,8,0,12.062,0,
160.0,8,0,12.023,0,
160.1,8,0,11.945,0,
160.2,8,0,11.881,0,
160.3,8,0,11.84,0,
160.4,8,0,11.781,0,
160.5,8,0,11.762,0,
160.6,8,0,11.669,0,
160.7,8,0,11.634,0,
160.8,8,0,11.55,0,
160.9,8,0,11.409,0,
161.0,8,0,11.337,0,
161.1,8,1,11.207,0,
161.2,8,1,11.149,0,
161.3,8,1,11.114,0,
161.4,8,1,11.033,0,
161.5,9,1,11.264,0,
161.6,8,1,11.137,0,
161.7,8,1,11.068,0,
161.8,8,1,10.986,0,
161.9,8,1,10.938,0,
